{"_module": "oauth2client.client", "scopes": ["https://www.googleapis.com/auth/youtube.upload"], "token_expiry": "2017-02-22T05:33:59Z", "id_token": null, "user_agent": null, "access_token": "ya29.Glz6AwS6_4j1BmdSH9yJsKwMgK7-eOhJbX1LaqLKymMcE7_qME5DCi_7pfyZk967VI-Aw_lmTMbhssut7ZtPJBIGcqPiB_8mkByYuUVDjZa2noDMRe0uz1ny-_QjFg", "token_uri": "https://accounts.google.com/o/oauth2/token", "invalid": false, "token_response": {"access_token": "ya29.Glz6AwS6_4j1BmdSH9yJsKwMgK7-eOhJbX1LaqLKymMcE7_qME5DCi_7pfyZk967VI-Aw_lmTMbhssut7ZtPJBIGcqPiB_8mkByYuUVDjZa2noDMRe0uz1ny-_QjFg", "token_type": "Bearer", "expires_in": 3600}, "client_id": "68168773304-12fq2mmaacnltlh24bt1i0ikh6trrdlt.apps.googleusercontent.com", "token_info_uri": "https://www.googleapis.com/oauth2/v3/tokeninfo", "client_secret": "fEdk0aGlo2WSo-1wvfTBFKL-", "revoke_uri": "https://accounts.google.com/o/oauth2/revoke", "_class": "OAuth2Credentials", "refresh_token": "1/bSCGiqxsZ0BY2D6Q0fYxmgmp6uA9bRy8OTSUiRsUu1dsFi2H0XJDsO6tOlX4cUsf", "id_token_jwt": null}